t,x,speed,vyBody,vyWheelF,vyWheelR,posF,posR,springF,springR,wheelAngVel,downforce,steer,pitchDeg,grounded,floor,wing,stop,impulso
0.325,-22.969,300.0,-0.451,0.201,0.0,-0.1309,-0.0089,1.4529,1.487,200.55,0.0,0,-0.376,2,0,0,0,0
0.3292,-21.719,300.0,-0.324,0.206,0.0,-0.1343,-0.0088,1.4497,1.4871,200.55,0.0,0,-0.383,2,0,0,0,0
0.3333,-20.469,300.0,-0.171,-1.397,0.0,-0.1369,-0.0087,1.4472,1.4872,200.55,0.0,0,-0.387,1,0,0,0,0
0.3375,-19.219,300.0,-0.18,0.426,0.0,-0.1321,-0.0085,1.4518,1.4874,200.55,0.0,0,-0.391,2,0,0,0,0
0.3417,-17.969,300.0,-0.052,0.173,0.0,-0.1348,-0.0086,1.4492,1.4873,200.55,0.0,0,-0.392,2,0,0,0,0
0.3458,-16.719,300.0,0.067,0.209,0.0,-0.1358,-0.0086,1.4482,1.4873,200.55,0.0,0,-0.391,2,0,0,0,0
0.35,-15.469,300.0,0.186,0.204,0.0,-0.1363,-0.0086,1.4478,1.4873,200.55,0.0,0,-0.387,2,0,0,0,0
0.3542,-14.219,300.0,0.295,0.203,0.0,-0.1362,-0.0086,1.4479,1.4873,200.55,0.0,0,-0.381,2,0,0,0,0
0.3583,-12.969,300.0,0.385,0.2,0.0,-0.1354,-0.0086,1.4486,1.4873,200.55,0.0,0,-0.373,2,0,0,0,0
0.3625,-11.719,300.0,0.454,-1.315,-0.0,-0.1341,-0.0086,1.4498,1.4873,200.55,0.0,0,-0.364,1,0,0,0,0
0.3667,-10.469,300.0,0.332,0.396,0.0,-0.1261,-0.0086,1.4573,1.4873,200.55,0.0,0,-0.357,2,0,0,0,0
0.3708,-9.219,300.0,0.311,0.154,-0.0,-0.1259,-0.0088,1.4575,1.4871,200.55,0.0,0,-0.35,2,0,0,0,0
0.375,-7.969,300.0,0.266,0.186,-0.0,-0.1248,-0.0089,1.4586,1.487,200.55,0.0,0,-0.344,2,0,0,0,0
0.3792,-6.719,300.0,0.216,0.181,-0.0,-0.1241,-0.009,1.4592,1.4869,200.55,0.0,0,-0.34,2,0,0,0,0
0.3833,-5.469,300.0,0.164,0.181,0.0,-0.1237,-0.009,1.4597,1.4869,200.55,0.0,0,-0.337,2,0,0,0,0
0.3875,-4.219,300.0,0.113,0.181,0.0,-0.1235,-0.009,1.4598,1.4869,200.55,0.0,0,-0.334,2,0,0,0,0
0.3917,-2.969,300.0,0.067,-1.213,-0.0,-0.1237,-0.009,1.4597,1.4869,200.55,0.0,0,-0.333,1,0,0,0,0
0.3958,-1.719,300.0,-0.123,1.274,-0.0,-0.1183,-0.009,1.4648,1.4869,200.55,0.0,0,-0.335,2,0,0,0,0
0.4,-0.469,299.99,-0.085,2.742,0.0,-0.1242,-0.0091,1.4592,1.4868,200.54,0.0,0,-0.337,2,0,0,0,0
0.4042,0.781,299.98,0.182,3.762,0.0,-0.1361,-0.009,1.448,1.4869,200.54,0.0,0,-0.334,2,0,0,0,0
0.4083,2.031,299.96,0.67,5.452,0.0,-0.1509,-0.0088,1.4341,1.4871,200.52,0.0,0,-0.323,2,0,0,0,0
0.4125,3.275,298.55,1.455,42.071,0.0,-0.17,-0.0084,1.4162,1.4875,199.58,0.0,0,-0.297,2,0,0,0,0
0.4167,4.519,298.58,6.145,35.879,-0.0,-0.3375,-0.0079,1.2608,1.488,199.6,0.0,0,-0.188,1,0,0,0,0
0.4208,5.763,298.61,11.45,28.965,-0.0,-0.4543,-0.0051,1.1545,1.4908,199.62,0.0,0,0.021,1,0,0,0,0
0.425,7.008,298.64,17.158,21.561,0.0,-0.5134,-0.0014,1.1014,1.4945,199.64,0.0,0,0.344,1,0,0,1,1
0.4292,8.252,298.67,21.556,15.422,0.0,-0.5105,0.0022,1.1041,1.4981,199.66,0.0,0,0.762,1,0,0,0,0
0.4333,9.497,298.7,24.791,10.469,-0.0,-0.4573,0.0042,1.1517,1.5001,199.68,0.0,0,1.254,1,0,0,0,0
0.4375,10.741,298.73,26.514,7.096,-0.0,-0.3652,0.0042,1.2354,1.5001,199.7,0.0,0,1.789,1,0,0,0,0
0.4417,11.986,298.75,26.546,5.51,-0.0,-0.249,0.0022,1.3426,1.4981,199.71,0.0,0,2.333,1,0,0,0,0
0.4458,13.23,298.62,24.944,5.67,12.451,-0.1255,-0.0014,1.458,1.4945,199.62,0.0,0,2.849,1,0,0,0,0
0.45,14.475,298.65,24.266,7.287,9.38,-0.0111,-0.058,1.566,1.4379,199.64,0.0,0,3.185,0,0,0,0,0
0.4542,15.719,298.68,21.324,9.92,7.413,0.0818,-0.0664,1.6543,1.4295,199.66,0.0,0,3.39,0,0,0,0,0
0.4583,16.964,298.7,17.05,12.994,6.233,0.1429,-0.0516,1.7126,1.4443,199.68,0.0,0,3.506,0,0,0,0,0
0.4625,18.209,298.73,12.434,15.932,5.472,0.1674,-0.0309,1.7361,1.465,199.7,0.0,0,3.562,0,0,0,0,0
0.4667,19.453,298.76,8.274,18.246,4.856,0.1565,-0.0137,1.7257,1.4822,199.72,0.0,0,3.577,0,0,0,0,0
0.4708,20.698,298.78,5.079,19.6,4.231,0.116,-0.0026,1.6869,1.4933,199.73,0.0,0,3.567,0,0,0,0,0
0.475,21.943,298.81,3.065,19.837,3.543,0.0548,0.0031,1.6285,1.499,199.75,0.0,0,3.547,0,0,0,0,0
0.4792,23.188,298.83,2.214,18.97,2.798,-0.0164,0.0053,1.5609,1.5012,199.77,0.0,0,3.532,0,0,0,0,0
0.4833,24.433,298.7,2.339,17.158,13.198,-0.0872,0.006,1.494,1.5019,199.68,0.0,0,3.537,1,0,0,0,0
0.4875,25.677,298.46,5.198,14.653,22.405,-0.1486,-0.0403,1.4363,1.4556,199.52,0.0,0,3.461,1,0,0,0,0
0.4917,26.92,298.49,9.534,11.785,18.846,-0.193,-0.0961,1.3947,1.3998,199.54,0.0,0,3.251,0,0,0,0,0
0.4958,28.164,298.52,12.062,8.881,16.911,-0.2163,-0.0906,1.373,1.4053,199.56,0.0,0,3.006,0,0,0,0,0
0.5,29.408,298.55,13.163,6.196,16.039,-0.2192,-0.0594,1.3703,1.4365,199.58,0.0,0,2.79,0,0,0,0,0
0.5042,30.652,298.58,13.284,3.925,15.667,-0.2044,-0.026,1.3841,1.4699,199.6,0.0,0,2.626,0,0,0,0,0
0.5083,31.896,298.61,12.758,2.193,15.393,-0.1762,-0.0016,1.4104,1.4943,199.62,0.0,0,2.512,0,0,0,0,0
0.5125,33.141,298.64,11.776,1.052,15.003,-0.1397,0.0115,1.4446,1.5074,199.64,0.0,0,2.43,0,0,0,0,0
0.5167,34.385,298.67,10.442,0.474,14.432,-0.1004,0.0153,1.4815,1.5112,199.66,0.0,0,2.359,0,0,0,0,0
0.5208,35.628,298.39,8.826,19.185,13.698,-0.0636,0.0136,1.5163,1.5095,199.47,0.0,0,2.281,1,0,0,0,0
0.525,36.872,298.42,9.066,17.332,12.855,-0.1119,0.0097,1.4707,1.5056,199.49,0.0,0,2.219,1,0,0,0,0
0.5292,38.115,298.44,9.699,15.846,12.004,-0.1504,0.0069,1.4345,1.5028,199.51,0.0,0,2.179,1,0,0,0,0
0.5333,39.359,298.43,10.545,16.144,11.175,-0.1787,0.0056,1.4081,1.5015,199.5,0.0,0,2.167,1,0,0,0,0
0.5375,40.602,298.31,11.619,16.037,16.417,-0.2028,0.0056,1.3856,1.5015,199.42,0.0,0,2.189,2,0,0,0,0
0.5417,41.845,298.28,13.897,15.997,15.627,-0.2198,-0.019,1.3697,1.4769,199.4,0.0,0,2.188,2,0,0,0,0
0.5458,43.087,298.24,15.788,16.003,15.834,-0.2286,-0.026,1.3615,1.4699,199.37,0.0,0,2.187,2,0,0,0,0
0.55,44.33,298.21,17.387,15.987,15.774,-0.2296,-0.0259,1.3606,1.47,199.35,0.0,0,2.194,2,0,0,0,0
0.5542,45.572,298.2,18.593,15.962,14.755,-0.2232,-0.0208,1.3665,1.4751,199.35,0.0,0,2.22,1,0,0,0,0
0.5583,46.815,298.17,19.241,15.929,15.863,-0.2106,-0.0103,1.3783,1.4856,199.32,0.0,0,2.278,2,0,0,0,0
0.5625,48.057,298.16,19.813,15.888,15.621,-0.193,-0.0082,1.3947,1.4877,199.32,0.0,0,2.35,2,0,0,0,0
0.5667,49.299,298.15,20.02,15.846,15.62,-0.1719,-0.0059,1.4145,1.49,199.31,0.0,0,2.433,2,0,0,0,0
0.5708,50.542,298.15,19.936,15.803,15.62,-0.149,-0.0051,1.4359,1.4908,199.31,0.0,0,2.521,2,0,0,0,0
0.575,51.784,298.16,19.587,15.621,15.62,-0.126,-0.0056,1.4575,1.4903,199.32,0.0,0,2.605,2,0,0,0,0
0.5792,53.026,298.18,18.995,14.844,15.621,-0.1039,-0.0068,1.4783,1.4891,199.33,0.0,0,2.679,2,0,0,0,0
0.5833,54.264,297.09,18.135,41.939,15.563,-0.0817,-0.0083,1.4992,1.4876,198.6,0.0,0,2.736,2,0,0,0,0
0.5875,55.502,297.13,20.033,38.632,15.72,-0.1771,-0.0095,1.4095,1.4864,198.63,0.0,0,2.822,1,0,0,0,0
0.5917,56.74,297.17,22.519,34.704,15.568,-0.2489,-0.0096,1.3426,1.4863,198.66,0.0,0,2.95,1,0,0,0,0
0.5958,57.979,297.21,25.073,30.61,15.57,-0.2913,-0.0075,1.3034,1.4884,198.68,0.0,0,3.127,1,0,0,0,0
0.6,59.217,297.25,27.348,26.755,15.572,-0.3027,-0.0052,1.2929,1.4907,198.71,0.0,0,3.352,1,0,0,0,0
0.6042,60.456,297.29,29.044,23.473,15.574,-0.2853,-0.0034,1.3089,1.4925,198.74,0.0,0,3.616,1,0,0,0,0
